id,ingredient_name,unit
1,all purpose flour,g
2,plain flour,g
3,self-raising flour,g
4,strong white flour,g
5,wholemeal flour,g
6,almond flour,g
7,coconut flour,g
8,rice flour,g
9,cornmeal,g
10,cornstarch,g
11,corn flour,g
12,semolina,g
13,potato starch,g
14,sugar,g
15,caster sugar,g
16,brown sugar,g
17,light brown soft sugar,g
18,dark brown soft sugar,g
19,muscovado sugar,g
20,demerara sugar,g
21,golden caster sugar,g
22,granulated sugar,g
23,icing sugar,g
24,powdered sugar,g
25,vanilla sugar,g
26,coconut sugar,g
27,honey,g
28,maple syrup,ml
29,golden syrup,ml
30,agave syrup,ml
31,black treacle,ml
32,molasses,ml
33,dutch stroop,ml
34,butter,g
35,unsalted butter,g
36,salted butter,g
37,melted butter,g
38,vegetable oil,ml
39,sunflower oil,ml
40,olive oil,ml
41,coconut oil,ml
42,canola oil,ml
43,suet,g
44,lard,g
45,shortening,g
46,vegetable shortening,g
47,ghee,g
48,milk,ml
49,double cream,ml
50,single cream,ml
51,heavy cream,ml
52,whipping cream,ml
53,sour cream,ml
54,creme fraiche,ml
55,clotted cream,g
56,greek yogurt,g
57,plain yogurt,g
58,buttermilk,ml
59,coconut milk,ml
60,coconut cream,ml
61,condensed milk,ml
62,milk powder,g
63,cream cheese,g
64,mascarpone,g
65,ricotta,g
66,cottage cheese,g
67,ice cream,ml
68,eggs,pcs
69,egg yolks,pcs
70,egg whites,pcs
71,baking powder,g
72,bicarbonate of soda,g
73,dried yeast,g
74,instant yeast,g
75,fast action yeast,g
76,fresh yeast,g
77,salt,g
78,cream of tartar,g
79,gelatine leaves,pcs
80,unflavoured gelatin,g
81,agar agar,g
82,pectin,g
83,vinegar,ml
84,cocoa powder,g
85,unsweetened cocoa,g
86,dark chocolate,g
87,plain chocolate,g
88,milk chocolate,g
89,white chocolate,g
90,chocolate chips,g
91,white chocolate chips,g
92,dark chocolate chips,g
93,nutella,g
94,dulce de leche,g
95,caramel,g
96,vanilla extract,ml
97,vanilla pod,pcs
98,vanilla bean paste,ml
99,almond extract,ml
100,cinnamon,g
101,ground cinnamon,g
102,nutmeg,g
103,ground ginger,g
104,cardamom,g
105,cloves,g
106,ground clove,g
107,allspice,g
108,mixed spice,g
109,star anise,g
110,black pepper,g
111,rose water,ml
112,orange blossom water,ml
113,instant coffee,g
114,espresso,ml
115,matcha,g
116,speculaas spice mix,g
117,apples,pcs
118,braeburn apples,pcs
119,bramley apples,pcs
120,bananas,pcs
121,lemons,pcs
122,unwaxed lemon,pcs
123,oranges,pcs
124,limes,pcs
125,unwaxed lime,pcs
126,pears,pcs
127,peaches,pcs
128,apricots,pcs
129,plums,pcs
130,mango,pcs
131,strawberries,g
132,raspberries,g
133,blueberries,g
134,blackberries,g
135,cherries,g
136,redcurrants,g
137,cranberries,g
138,rhubarb,g
139,passion fruit pulp,ml
140,frozen mixed berries,g
141,pumpkin,g
142,raisins,g
143,sultanas,g
144,dates,g
145,medjool dates,g
146,dried apricots,g
147,prunes,g
148,dried figs,g
149,dried cranberries,g
150,dried cherries,g
151,mixed dried fruit,g
152,glace cherries,g
153,candied peel,g
154,mixed peel,g
155,almonds,g
156,flaked almonds,g
157,ground almonds,g
158,walnuts,g
159,hazelnuts,g
160,pistachios,g
161,pecans,g
162,peanuts,g
163,cashews,g
164,pine nuts,g
165,desiccated coconut,g
166,coconut flakes,g
167,poppy seeds,g
168,sesame seeds,g
169,peanut butter,g
170,almond butter,g
171,pistachio paste,g
172,tahini,g
173,marzipan,g
174,lemon juice,ml
175,orange juice,ml
176,lemon zest,g
177,orange zest,g
178,lime juice,ml
179,water,ml
180,rum,ml
181,dark rum,ml
182,amaretto,ml
183,brandy,ml
184,grand marnier,ml
185,baileys,ml
186,beer,ml
187,puff pastry,g
188,shortcrust pastry,g
189,filo pastry,g
190,digestive biscuits,g
191,graham crackers,g
192,biscuit crumbs,g
193,bread,g
194,breadcrumbs,g
195,rolled oats,g
196,porridge oats,g
197,oatmeal,g
198,rice krispies,g
199,jam,g
200,raspberry jam,g
201,strawberry jam,g
202,apricot jam,g
203,blackcurrant jam,g
204,red wine jelly,g
205,lemon curd,g
206,mincemeat,g
207,custard,g
208,custard powder,g
209,meringue nests,pcs
210,miniature marshmallows,g
211,turkish delight,g
212,fondant,g
213,food colouring,ml
214,pink food colouring,ml
215,edible gold,g
216,icing sugar glaze,g
217,tamarind pulp,g
218,mint,g
219,ginger cordial,ml
