id,ime,priimek,uporabnisko_ime,geslo,elektronski_naslov
1,Renell,Whistlecroft,rwhistlecroft0,"uY2{i!""Xp~v=e<4V",rwhistlecroft0@pinterest.com
2,Lucita,Bollom,lbollom1,pO9'_8W3(ZL7,lbollom1@t-online.de
3,Ebeneser,Healks,ehealks2,fQ2<WWwqX==,ehealks2@istockphoto.com
4,Hedi,Rickhuss,hrickhuss3,eH8<aZ3VnrP,hrickhuss3@t-online.de
5,Suzi,Yurenin,syurenin4,tD2|Or?HS`YQKoXt,syurenin4@marketwatch.com
6,Anestassia,Goffe,agoffe5,tV1~'lFQv,agoffe5@symantec.com
7,Richy,Bellam,rbellam6,rL9~XnJU2,rbellam6@freewebs.com
8,Vida,Kleinzweig,vkleinzweig7,wB1|~QZ$n!T`F,vkleinzweig7@nih.gov
9,Paco,Walkling,pwalkling8,eB6*pMA/<f1,pwalkling8@imdb.com
10,Ty,Jocelyn,tjocelyn9,"sV7,{wWcy\22",tjocelyn9@scientificamerican.com
11,Pietra,Dodds,pdoddsa,lF7<khuPP7Co'Xj,pdoddsa@china.com.cn
12,Lura,Sandbrook,lsandbrookb,"uW6+L>B00XsJ,e)*",lsandbrookb@g.co
13,Lark,Lutz,llutzc,eR4*Bgst@2Pzj#5,llutzc@dailymotion.com
14,Kellia,Mendes,kmendesd,fX1)SqFHZZP2Ui,kmendesd@chronoengine.com
15,Hanan,Pittet,hpittete,gZ7%J>{jY,hpittete@msn.com
16,Chandler,Million,cmillionf,bM9!t2S#.p,cmillionf@weather.com
17,Toddy,Schrinel,tschrinelg,wH0!%NIs(,tschrinelg@archive.org
18,Donny,Dach,ddachh,iR4/TrSq.3)?,ddachh@springer.com
19,Maximilianus,Cranch,mcranchi,"nX6!!`gR|eR{,|{B",mcranchi@github.io
20,Tyrus,Acomb,tacombj,fV4?_DPhw,tacombj@over-blog.com
21,Leeanne,Parr,lparrk,"aK3~pnhmw,?}t$h",lparrk@ucsd.edu
22,Kerby,Bernardet,kbernardetl,jD9<VsWJNGNkV9,kbernardetl@sfgate.com
23,Cammie,Fintoph,cfintophm,iO8%3UJ#P8sZX,cfintophm@uol.com.br
24,Debbi,Bridgement,dbridgementn,sR6+4\t_Q6Tf).,dbridgementn@house.gov
25,Claudius,Audritt,caudritto,"xR1.`M"",",caudritto@xing.com
26,Haydon,Paine,hpainep,vK0>/F?%!#A,hpainep@cbsnews.com
27,Daphene,Laird-Craig,dlairdcraigq,vT9<?Fo(aCp5iH&K,dlairdcraigq@mayoclinic.com
28,Oliver,Christene,ochristener,fP7)H\<|,ochristener@nba.com
29,Deanne,Kender,dkenders,qL4=7H%w/,dkenders@skype.com
30,Kennan,Huntley,khuntleyt,xJ0+UD.BkL,khuntleyt@vk.com
31,Davon,Rubin,drubinu,sJ7}8r9sJJ=QB,drubinu@blogs.com
32,Rosabelle,Balshen,rbalshenv,eJ6`r87o1xF/>,rbalshenv@meetup.com
33,Christan,Newey,cneweyw,"nH1/U$?\uE@""{nE",cneweyw@parallels.com
34,Kizzie,Mazey,kmazeyx,nW0`l(RR'>,kmazeyx@who.int
35,Alecia,Given,agiveny,dT4&s.$tDTq~}/n(,agiveny@netvibes.com
36,Sinclare,Haworth,shaworthz,dQ4\wsmp8,shaworthz@telegraph.co.uk
37,Pavia,Chidwick,pchidwick10,nL8|VVqW6NrrTx,pchidwick10@archive.org
38,Clywd,Farans,cfarans11,rL7}DmAo5,cfarans11@hud.gov
39,Rachel,Valenti,rvalenti12,"eL3.dp""69U/",rvalenti12@homestead.com
40,Lamond,Summerlad,lsummerlad13,sX0|i8ae|'{+,lsummerlad13@csmonitor.com
41,Fran,Kusick,fkusick14,"yP6,TOW90?",fkusick14@loc.gov
42,Auberon,de Voiels,adevoiels15,"tY3~,#V(1",adevoiels15@google.com
43,Blondelle,O'Callaghan,bocallaghan16,aJ8%WZvFn,bocallaghan16@themeforest.net
44,Chantalle,Lickess,clickess17,wU3}qfVZ,clickess17@is.gd
45,Maisie,Liff,mliff18,"eH7/,HlF~#h4wtf&",mliff18@cbslocal.com
46,Aggy,MacCafferky,amaccafferky19,"lM2'|~)C""",amaccafferky19@bbb.org
47,Bel,Micheu,bmicheu1a,bG4\K|oqx*dA+8(,bmicheu1a@wikia.com
48,Xymenes,McGaraghan,xmcgaraghan1b,"zQ9,J@=R}1d|OIf",xmcgaraghan1b@soup.io
49,Donetta,Summergill,dsummergill1c,fT0?TX.Mr>JNP%,dsummergill1c@bravesites.com
50,Ofilia,Bossom,obossom1d,"yH5,?tp=3k*",obossom1d@so-net.ne.jp
51,Ermanno,Gillyatt,egillyatt1e,pS3%J+=Wnr<<,egillyatt1e@ehow.com
52,Florina,Giacobelli,fgiacobelli1f,rC9{~yg?sj!w,fgiacobelli1f@hao123.com
53,Obie,Preuvost,opreuvost1g,vR4`K5g',opreuvost1g@vistaprint.com
54,Marget,Ding,mding1h,jX7}Aw5eK{I*L,mding1h@unesco.org
55,Stinky,Poole,spoole1i,fB0!hM/@@Yl+Wl{,spoole1i@aol.com
56,Warden,Mc Elory,wmcelory1j,xK1!M}9$eDF<LQ_P,wmcelory1j@blinklist.com
57,Lacy,Heskin,lheskin1k,vL3{WW*Yalk#5W9,lheskin1k@mozilla.org
58,Bancroft,Fowley,bfowley1l,"zH6""G4K4Y.Xz\|>?",bfowley1l@ifeng.com
59,Neile,Creaser,ncreaser1m,sE1_L&Gh!(G36u6,ncreaser1m@amazonaws.com
60,Leonie,Panton,lpanton1n,kM5/vNR{L,lpanton1n@joomla.org
61,Luke,Giddings,lgiddings1o,nV4$)*7FNyl,lgiddings1o@springer.com
62,Elizabet,Troker,etroker1p,jJ5/55HFkQ99mH,etroker1p@theguardian.com
63,Noland,Zarb,nzarb1q,yH2>Czc/wZp,nzarb1q@ca.gov
64,Traver,Dallas,tdallas1r,qL3_'uKnS.WRpT,tdallas1r@purevolume.com
65,Irene,Gaskill,igaskill1s,"jA8""GxEIS12u",igaskill1s@hibu.com
66,Eugine,Boldock,eboldock1t,hP4~%X`wfC/e\l8~,eboldock1t@berkeley.edu
67,Tammara,Le Clercq,tleclercq1u,cD7{_X{b4P\))EY&,tleclercq1u@umn.edu
68,Giustino,Haug,ghaug1v,"iC6(Sq{@evz,NKP",ghaug1v@domainmarket.com
69,Rozanna,Engley,rengley1w,gK3>e7(}GY|,rengley1w@naver.com
70,Alis,Sweetland,asweetland1x,dV0'+%*h`WJ,asweetland1x@wix.com
71,Fraze,Marian,fmarian1y,tE4%5s.<AA|j}U,fmarian1y@bing.com
72,Cleo,Kyngdon,ckyngdon1z,tK3(aOr!~(),ckyngdon1z@hatena.ne.jp
73,Noellyn,Ruskin,nruskin20,eW0~=*4zjqQOV,nruskin20@wordpress.org
74,Walt,Doick,wdoick21,xM4.st#LAe,wdoick21@noaa.gov
75,Maynord,Dahlgren,mdahlgren22,cO1!Go7g3Q7?UwX1,mdahlgren22@archive.org
76,Stacey,Theyer,stheyer23,"wJ2,s3z0Pl.",stheyer23@unblog.fr
77,Tabbie,Yerbury,tyerbury24,eN4%EYj4w=i0l\.D,tyerbury24@miibeian.gov.cn
78,Darsey,Plante,dplante25,aF5(gu+3f!!4,dplante25@google.com.hk
79,Ingaborg,Sever,isever26,yD2#S(b_+u,isever26@meetup.com
80,Beau,Makin,bmakin27,gD0~b`UJ,bmakin27@google.fr
81,Raf,Eisak,reisak28,yZ1_L*'g9Nlxu+h<,reisak28@sfgate.com
82,Tally,Shinefield,tshinefield29,sT4!/7ElU16,tshinefield29@is.gd
83,Arlen,Ellsbury,aellsbury2a,eO8_cyz`PlD~'kM,aellsbury2a@facebook.com
84,Nolie,Verdon,nverdon2b,eD7~@r\_P,nverdon2b@homestead.com
85,Kameko,Brighty,kbrighty2c,"kC2}jRKV.,bn$$",kbrighty2c@amazonaws.com
86,Clemence,Sanney,csanney2d,sJ7=>R)_,csanney2d@fotki.com
87,Irma,Molloy,imolloy2e,tI6_?TJLJZ/5k,imolloy2e@tmall.com
88,Tierney,Shugg,tshugg2f,lX9/hTdmO,tshugg2f@shareasale.com
89,Kit,Vasentsov,kvasentsov2g,yZ9`+!)i'T`t,kvasentsov2g@scribd.com
90,Luisa,Carillo,lcarillo2h,pQ3!.>%u,lcarillo2h@skyrock.com
91,Flin,Dann,fdann2i,jX3%o?m'2=D}3Q+$,fdann2i@wordpress.com
92,Vilma,Biskupek,vbiskupek2j,"rU4~UWdiO""*>zFq",vbiskupek2j@ameblo.jp
93,Tricia,Tratton,ttratton2k,"cX7%OB`ZEs""CS.?",ttratton2k@skyrock.com
94,Korry,Simpkiss,ksimpkiss2l,"nV2)jXAjD""Z",ksimpkiss2l@pinterest.com
95,Dacy,Cail,dcail2m,iV6'Gs|\98PLL,dcail2m@washingtonpost.com
96,Maggie,Bunson,mbunson2n,"aX9})H8Yn""P2",mbunson2n@archive.org
97,Allistir,Pain,apain2o,mT0'rq~F7!Bbmit1,apain2o@addtoany.com
98,Terry,Faucherand,tfaucherand2p,vU5`Y7KqSp03|S`,tfaucherand2p@mit.edu
99,Rosamond,Bussons,rbussons2q,cT3>$I~L,rbussons2q@vistaprint.com
100,Marshal,Minthorpe,mminthorpe2r,bD4)ZgAqF+Dcd`Ke,mminthorpe2r@behance.net
